Iteration,param_diffs
0,[0.08122218 0.06737912]
1,[0.18947315 0.01499325]
2,[0.6388098  0.61225164]
3,[0.6910598  0.67303073]
4,[0.22967017 0.46270418]
5,[0.20180613 0.80934125]
6,[0.19732398 0.7839922 ]
7,[0.3125621 1.5284464]
8,[0.0825789 1.498254 ]
9,[1.0938122  0.22343588]
10,[0.5509543 0.8042676]
11,[0.8030782  0.35150743]
12,[0.71334064 0.42045605]
13,[0.7179646  0.46294308]
14,[0.21951133 1.3602962 ]
15,[0.12026951 1.4172802 ]
16,[0.15231441 1.440091  ]
17,[0.03438996 1.132586  ]
18,[0.08483279 1.2522839 ]
19,[0.07468741 0.954347  ]
20,[0.4060074 1.0394909]
21,[0.45688373 0.74773717]
22,[0.04309434 0.40662587]
23,[0.6552831 1.0324521]
24,[0.6014159 1.0633805]
25,[0.50794834 1.2184827 ]
26,[0.5489054 1.1849146]
27,[0.6368024 1.2424262]
28,[0.7190416 1.2439148]
29,[0.5064286 1.2181296]
30,[0.5275101 1.15978  ]
31,[0.5915293 1.1873405]
32,[0.6602826 1.3242435]
33,[0.601056  1.2222152]
34,[0.7229322 1.2305939]
35,[0.6141269 1.2235308]
36,[0.69800705 1.368267  ]
37,[0.67296296 1.411479  ]
38,[0.6951323  0.99889827]
39,[0.81260115 0.9650837 ]
40,[0.8291768 0.9886973]
41,[0.84572506 0.9305661 ]
42,[0.7965218 1.0405014]
43,[0.7649172 1.082623 ]
44,[0.6894263 0.9672928]
45,[0.5924175 0.7568352]
46,[0.59078383 0.7701013 ]
47,[0.5895657 0.7684963]
48,[0.5907814 0.7426951]
49,[0.42579135 0.6232939 ]
50,[0.262645   0.36151445]
51,[0.3739433 0.4637153]
52,[0.5346484 0.734146 ]
53,[0.47688082 0.7054024 ]
54,[0.39894816 0.652452  ]
55,[0.377353  0.6610832]
56,[0.40071854 0.6533611 ]
57,[0.5122974  0.86391747]
58,[0.5484769  0.83024395]
59,[0.32381922 0.32653677]
60,[0.2485799 0.1966728]
61,[0.0122712  0.04218763]
62,[0.10984964 0.211833  ]
63,[0.12703091 0.20852494]
64,[0.11961813 0.21120048]
65,[0.2331929 0.3871987]
66,[0.18791804 0.3473457 ]
67,[0.2175313  0.30428475]
68,[0.2719992 0.3453768]
69,[0.18006286 0.39868808]
70,[0.11738293 0.325499  ]
71,[0.10598638 0.33589214]
72,[0.13454889 0.35356605]
73,[0.1112657  0.49427748]
74,[0.10685919 0.50148964]
75,[0.06601042 0.54700863]
76,[0.12337055 0.5671123 ]
77,[0.16464025 0.58405113]
78,[0.09846778 0.44650567]
79,[0.04543424 0.5014701 ]
80,[0.13244715 0.5320535 ]
81,[0.32532603 0.7078018 ]
82,[0.42870888 0.8414583 ]
83,[0.40429178 0.8381524 ]
84,[0.39099166 0.8410616 ]
85,[0.28650707 0.72503626]
86,[0.2832387  0.73001456]
87,[0.312121  0.7563169]
88,[0.35615808 0.81830895]
89,[0.25973216 0.6008904 ]
90,[0.2183321  0.58680475]
91,[0.269027  0.6018617]
92,[0.28601485 0.6036384 ]
93,[0.22691461 0.573388  ]
94,[0.21861735 0.5637715 ]
95,[0.24620797 0.5638294 ]
96,[0.22744498 0.5935557 ]
97,[0.27994415 0.54252386]
98,[0.21643385 0.53340685]
99,[0.17022492 0.5598552 ]
100,[0.14012715 0.5537429 ]
101,[0.10257285 0.5595491 ]
102,[0.1440221 0.5698359]
103,[0.15889643 0.5574087 ]
104,[0.12255834 0.5379275 ]
105,[0.10652767 0.5371846 ]
106,[0.03616322 0.15869808]
107,[0.09216525 0.14002955]
108,[0.13536966 0.08691812]
109,[0.08567318 0.13361096]
110,[0.07415405 0.14075994]
111,[0.03063389 0.18490267]
112,[0.03712845 0.19330657]
113,[0.0219506 0.1709603]
114,[0.03186473 0.18034375]
115,[0.05637724 0.19140911]
116,[0.06602176 0.19400609]
117,[0.05367407 0.17746687]
118,[0.06834352 0.20890617]
119,[0.00322679 0.16941237]
120,[0.00377185 0.16914916]
121,[0.0586872  0.19284844]
122,[0.15125987 0.05247724]
123,[0.16127779 0.07125866]
124,[0.12807964 0.08258164]
125,[0.08166471 0.11403823]
126,[0.10156409 0.10762191]
127,[0.1328641  0.15259957]
128,[0.12269562 0.15626192]
129,[0.15883133 0.18405497]
130,[0.16682309 0.19827807]
131,[0.20129791 0.1505245 ]
132,[0.2179784  0.16098475]
133,[0.2235941  0.16713929]
134,[0.2742343  0.23087919]
135,[0.28662068 0.23310983]
136,[0.24635483 0.20979965]
137,[0.22059762 0.14347947]
138,[0.25911838 0.11331785]
139,[0.30891696 0.15738308]
140,[0.3091037  0.15738845]
141,[0.3235073  0.18706071]
142,[0.3103618  0.19542813]
143,[0.26366627 0.22814202]
144,[0.2284632  0.27781987]
145,[0.2736106  0.28030992]
146,[0.26901746 0.27211797]
147,[0.2858709 0.2525326]
148,[0.2537357  0.23128092]
149,[0.29624522 0.18601906]
150,[0.3034293  0.18597245]
151,[0.32128856 0.21057653]
152,[0.32761028 0.21655917]
153,[0.34848696 0.23851955]
154,[0.28949094 0.3209362 ]
155,[0.26404038 0.3155166 ]
156,[0.2583366  0.30786347]
157,[0.2656881  0.29887366]
158,[0.2699458 0.2996937]
159,[0.26491097 0.3002013 ]
160,[0.2851816 0.283041 ]
161,[0.32145894 0.26127958]
162,[0.29372597 0.24874318]
163,[0.31120372 0.28322935]
164,[0.34326762 0.31069446]
165,[0.34572753 0.31132674]
166,[0.39308327 0.30608273]
167,[0.39224228 0.30547345]
168,[0.40512863 0.29555225]
169,[0.41329888 0.31380105]
170,[0.41621572 0.3152845 ]
171,[0.36397684 0.40972877]
172,[0.30538392 0.48952532]
173,[0.31186974 0.47907865]
174,[0.2821539  0.47594714]
175,[0.31662983 0.4079064 ]
176,[0.3293293  0.41681695]
177,[0.35316256 0.40293396]
178,[0.36640027 0.40323794]
179,[0.36810166 0.40471065]
180,[0.37031102 0.40878654]
181,[0.37371743 0.40764844]
182,[0.37181363 0.40409195]
183,[0.38793892 0.38436282]
184,[0.42079422 0.38553655]
185,[0.42219105 0.38735723]
186,[0.3613009  0.43050885]
187,[0.3665484 0.4276619]
188,[0.31470168 0.4480511 ]
189,[0.32858866 0.45380414]
190,[0.33289462 0.4542241 ]
191,[0.28315517 0.45195353]
192,[0.30837047 0.43898618]
193,[0.3054594  0.43716574]
194,[0.32773978 0.45176256]
195,[0.30964845 0.48622847]
196,[0.29589576 0.47072852]
197,[0.2882366 0.4791789]
198,[0.34751943 0.40909648]
199,[0.38692883 0.36033762]
200,[0.36340955 0.3253479 ]
201,[0.3530998  0.32092166]
202,[0.35002106 0.3172531 ]
203,[0.33784172 0.30774403]
204,[0.2809004 0.3683442]
205,[0.28402954 0.3666029 ]
206,[0.24886154 0.4259882 ]
207,[0.24106705 0.42791247]
208,[0.25192693 0.43883526]
209,[0.23375593 0.45655775]
210,[0.25469413 0.43902254]
211,[0.235825   0.43789315]
212,[0.2439904 0.4379301]
213,[0.2639948 0.4409052]
214,[0.26882842 0.4351796 ]
215,[0.30738145 0.2853781 ]
216,[0.30491278 0.28626776]
217,[0.30369854 0.28619206]
218,[0.30442896 0.28581452]
219,[0.3015903  0.28429067]
220,[0.27457353 0.29191387]
221,[0.28402314 0.27772033]
222,[0.3282695  0.27159858]
223,[0.3740999  0.25348055]
224,[0.3785042  0.25837672]
225,[0.3601665  0.22397947]
226,[0.30781597 0.2828319 ]
227,[0.32367188 0.29693544]
228,[0.34984842 0.27904534]
229,[0.36108857 0.26897693]
230,[0.3303503  0.26026177]
231,[0.35621402 0.20759356]
232,[0.3150572  0.20520055]
233,[0.3245525  0.20055604]
234,[0.34347785 0.2332573 ]
235,[0.35054392 0.23239255]
236,[0.3598399  0.24927008]
237,[0.35214585 0.23705947]
238,[0.34478325 0.2328161 ]
239,[0.3315198  0.23338878]
240,[0.32707566 0.23812509]
241,[0.30816266 0.2395525 ]
242,[0.32655406 0.24504948]
243,[0.3110125  0.24445248]
244,[0.30267653 0.23620677]
245,[0.34093747 0.23272836]
246,[0.33918625 0.23217857]
247,[0.31028613 0.23381448]
248,[0.31936225 0.2422924 ]
249,[0.31962916 0.24265969]
0,[1.5147886 2.143749 ]
1,[1.4170467 2.1425643]
2,[2.0269449 2.7297647]
3,[1.9702064 2.728469 ]
4,[1.8468992 2.7713852]
5,[1.295917 2.207892]
6,[1.3303201 2.192751 ]
7,[1.6753851 2.2269654]
8,[1.0805172 2.1138213]
9,[0.7398419 2.1875458]
10,[0.8100182 2.1574678]
11,[0.8779758 2.1226158]
12,[0.9352664 2.1087801]
13,[0.6845464 2.097598 ]
14,[0.874303  2.2485557]
15,[1.0030724 2.0269473]
16,[0.8779149 2.0004492]
17,[1.100764  2.2724547]
18,[1.1778758 2.2741156]
19,[1.1848689 2.2647657]
20,[1.0521553 2.2805073]
21,[1.0652599 2.2807736]
22,[1.0438285 2.2821784]
23,[0.9812541 2.3404162]
24,[1.0498166 2.1951058]
25,[1.0188949 2.1850128]
26,[1.0116822 2.185343 ]
27,[1.1130308 2.2509043]
28,[1.1972089 2.0317519]
29,[1.2127855 2.0243747]
30,[0.96863586 2.1039891 ]
31,[0.9842085 2.0988967]
32,[1.0592011 2.0588498]
33,[1.2216794 2.1330075]
34,[1.0042021 2.0407877]
35,[0.8671715 2.0050812]
36,[0.32851386 1.2945004 ]
37,[0.38485852 1.2957375 ]
38,[0.3544706 1.2769375]
39,[0.41846052 1.2311404 ]
40,[0.24381238 1.0408678 ]
41,[0.28219777 1.0548501 ]
42,[0.04426664 0.9180968 ]
43,[0.01089398 0.8819423 ]
44,[0.03796817 0.7290834 ]
45,[0.10351293 0.6673081 ]
46,[0.03037608 0.65708494]
47,[0.00858058 0.63662624]
48,[0.08418744 0.6293076 ]
49,[0.15690422 0.6380353 ]
50,[0.19600368 0.56810105]
51,[0.08150496 0.44006455]
52,[0.16155352 0.45576406]
53,[0.10694464 0.4182198 ]
54,[0.02724093 0.33982038]
55,[0.09988551 0.44695914]
56,[0.13758579 0.4253868 ]
57,[0.10940089 0.41179729]
58,[0.08816853 0.39278162]
59,[0.0071765  0.20624435]
60,[0.01930339 0.21206355]
61,[0.04478554 0.15629005]
62,[0.07704705 0.16638637]
63,[0.08344969 0.17747366]
64,[0.08767498 0.35571527]
65,[0.09097415 0.3581581 ]
66,[0.05171973 0.37268102]
67,[0.02131266 0.38646436]
68,[0.03400684 0.4130938 ]
69,[0.0049972  0.39210868]
70,[0.01699892 0.39183748]
71,[0.01349368 0.3900671 ]
72,[0.00710291 0.3807019 ]
73,[0.07870344 0.45124543]
74,[0.09837537 0.42265415]
75,[0.09705761 0.42292333]
76,[0.08922325 0.43267584]
77,[0.12208343 0.4417101 ]
78,[0.34966978 0.8664057 ]
79,[0.2807569 0.7941923]
80,[0.33510572 0.78374493]
81,[0.3374696  0.78382206]
82,[0.37475964 0.7265005 ]
83,[0.40295127 0.75813925]
84,[0.38150334 0.77340996]
85,[0.3450476  0.72837317]
86,[0.32799587 0.73178005]
87,[0.38693362 0.7784176 ]
88,[0.42619437 0.76228905]
89,[0.36707652 0.7834176 ]
90,[0.39906493 0.78822935]
91,[0.43380824 0.75473046]
92,[0.46058035 0.75949895]
93,[0.43843073 0.74731624]
94,[0.48008576 0.7438593 ]
95,[0.539567  0.8160248]
96,[0.5326053 0.8215443]
97,[0.54445547 0.80351305]
98,[0.5250942 0.8220918]
99,[0.53188884 0.8168678 ]
100,[0.53264093 0.81573725]
101,[0.55371267 0.83267975]
102,[0.5734658 0.8710153]
103,[0.5499758  0.86525667]
104,[0.60887927 0.90816367]
105,[0.6096956  0.90754926]
106,[0.663911  0.9938402]
107,[0.6076897 0.9793012]
108,[0.60486215 0.9788196 ]
109,[0.62226707 0.977389  ]
110,[0.6436162  0.95006084]
111,[0.6502357 0.9562247]
112,[0.6616647 0.9534563]
113,[0.555292  0.9169624]
114,[0.60839623 0.9115145 ]
115,[0.5705323  0.89129746]
116,[0.55738926 0.8960632 ]
117,[0.5903828 0.8827219]
118,[0.59980726 0.8734181 ]
119,[0.5876674 0.8739668]
120,[0.5811387  0.86556065]
121,[0.56469   0.8627881]
122,[0.5279733 0.8611648]
123,[0.52910715 0.86158025]
124,[0.49317715 0.8227593 ]
125,[0.5567385  0.83306885]
126,[0.6222073 0.7827146]
127,[0.5339227  0.65956914]
128,[0.51853234 0.6591022 ]
129,[0.5385971  0.64857185]
130,[0.6128794  0.68214726]
131,[0.58315885 0.6408943 ]
132,[0.58191174 0.6433525 ]
133,[0.61579496 0.6497847 ]
134,[0.6181054 0.6470914]
135,[0.6186012 0.6475729]
136,[0.56941086 0.6186371 ]
137,[0.5877243  0.59093654]
138,[0.5884533 0.5927932]
139,[0.5864674 0.5926707]
140,[0.62826526 0.53970826]
141,[0.6613393 0.5492041]
142,[0.63916874 0.5618094 ]
143,[0.6441927  0.55042064]
144,[0.6603215 0.532117 ]
145,[0.6330327  0.55631363]
146,[0.6454632 0.5583937]
147,[0.67685854 0.5790241 ]
148,[0.6701219  0.57820296]
149,[0.6782993 0.5732578]
150,[0.6969418  0.57323956]
151,[0.69490975 0.5724155 ]
152,[0.6821037  0.57882905]
153,[0.6580944 0.6035447]
154,[0.646765  0.5967835]
155,[0.62198275 0.5790547 ]
156,[0.66741997 0.64455163]
157,[0.658053   0.64294016]
158,[0.66118455 0.64061904]
159,[0.6898561 0.6485417]
160,[0.6779483 0.6496382]
161,[0.6712843  0.65237343]
162,[0.65057665 0.6296948 ]
163,[0.63190246 0.6208211 ]
164,[0.6633939 0.5649086]
165,[0.67858607 0.552968  ]
166,[0.65696967 0.5861304 ]
167,[0.64523137 0.57851243]
168,[0.61669326 0.57291996]
169,[0.55603087 0.5329337 ]
170,[0.51814616 0.4832883 ]
171,[0.62095946 0.6947111 ]
172,[0.5881185 0.6822033]
173,[0.6128645 0.6966301]
174,[0.639199  0.6715865]
175,[0.6134572  0.61552763]
176,[0.630294   0.62762225]
177,[0.6216627  0.64005125]
178,[0.61227596 0.64549875]
179,[0.6283536  0.63246024]
180,[0.64086777 0.6396558 ]
181,[0.5549681  0.62430394]
182,[0.5431843 0.6323818]
183,[0.53350407 0.6343459 ]
184,[0.50060695 0.6208403 ]
185,[0.47686273 0.6178583 ]
186,[0.4813948  0.61901355]
187,[0.47496888 0.61656356]
188,[0.48867044 0.642346  ]
189,[0.5147577  0.61306643]
190,[0.53749067 0.6032585 ]
191,[0.5767635 0.6632875]
192,[0.5610748  0.65670097]
193,[0.5293007 0.6596167]
194,[0.49387145 0.5938604 ]
195,[0.4428512  0.61093616]
196,[0.43613252 0.5963659 ]
197,[0.4345602 0.5969962]
198,[0.4752383 0.6554949]
199,[0.48393458 0.6574491 ]
200,[0.48773015 0.6649003 ]
201,[0.46961454 0.67620885]
202,[0.52305543 0.68855464]
203,[0.54954875 0.68135273]
204,[0.5533584  0.68009686]
205,[0.5564001 0.681955 ]
206,[0.5414525 0.6869415]
207,[0.5320612 0.7023032]
208,[0.56781906 0.72765875]
209,[0.5887941 0.6816813]
210,[0.5750636 0.6829581]
211,[0.57243204 0.6865449 ]
212,[0.5636266 0.6711854]
213,[0.5052283 0.5013008]
214,[0.56887084 0.49750328]
215,[0.59142494 0.5173538 ]
216,[0.6277409 0.5167396]
217,[0.62218326 0.5233458 ]
218,[0.62622494 0.51708376]
219,[0.5767937 0.518592 ]
220,[0.5771103  0.51928926]
221,[0.56631947 0.5167792 ]
222,[0.5084022 0.3901906]
223,[0.48463878 0.39045143]
224,[0.49953827 0.37197542]
225,[0.5365295  0.37774205]
226,[0.5598164  0.39771998]
227,[0.5379618  0.37920868]
228,[0.5285004  0.39387894]
229,[0.52306557 0.39410996]
230,[0.5044687 0.370095 ]
231,[0.51648146 0.3804077 ]
232,[0.50899404 0.38423502]
233,[0.50828665 0.3854326 ]
234,[0.5379384  0.40688753]
235,[0.5116955 0.3653922]
236,[0.48075965 0.36874473]
237,[0.49406025 0.37959182]
238,[0.48114988 0.384333  ]
239,[0.4894826  0.37788963]
240,[0.48876512 0.3772558 ]
241,[0.49159992 0.37589324]
242,[0.48786682 0.3789966 ]
243,[0.48221475 0.37573433]
244,[0.5176733  0.38606274]
245,[0.50177234 0.3998344 ]
246,[0.48130053 0.40544486]
247,[0.476048   0.41018605]
248,[0.4604279  0.41012287]
249,[0.47631192 0.40321445]
0,[0.5833405 1.7420602]
1,[0.04092348 0.8453039 ]
2,[0.4668351  0.71608853]
3,[0.44921777 0.65725386]
4,[0.30215022 0.2022804 ]
5,[0.31276816 0.19995034]
6,[0.4054953  0.13204384]
7,[0.48664093 0.18908292]
8,[0.45591778 0.08042079]
9,[0.22176792 0.31705618]
10,[0.6386557 0.2759018]
11,[0.72396344 0.18337667]
12,[0.83873963 0.1582154 ]
13,[1.0341303  0.28188264]
14,[1.0405524 0.2636733]
15,[1.0955974  0.37371433]
16,[1.3620223 1.1961483]
17,[1.5853688 1.0175327]
18,[1.4072913 0.6177378]
19,[1.3002229 0.784904 ]
20,[1.2329868 0.56775  ]
21,[1.2588437 0.5504163]
22,[1.1218879  0.55350417]
23,[0.98078716 0.5153054 ]
24,[0.9435086 0.5066211]
25,[0.8879339  0.00921601]
26,[0.6183901  0.02071548]
27,[0.47402474 0.10245806]
28,[0.5430484  0.12470406]
29,[0.4991321  0.13706827]
30,[0.11429426 0.01191294]
31,[0.11096837 0.0132072 ]
32,[0.12021421 0.0035646 ]
33,[0.0378549  0.10007739]
34,[0.14270377 0.24069822]
35,[0.27728432 0.37392986]
36,[0.06091112 0.32597566]
37,[0.19181813 0.06031728]
38,[0.03030173 0.02001047]
39,[0.05892193 0.01744604]
40,[0.11340725 0.11628968]
41,[0.25255537 0.07156187]
42,[0.15449527 0.23156959]
43,[0.26438946 0.35870278]
44,[0.20401609 0.26265275]
45,[0.18456985 0.2843837 ]
46,[0.03116596 0.2576136 ]
47,[0.00999158 0.33795792]
48,[0.02521307 0.33323824]
49,[0.11747549 0.512559  ]
50,[0.12217014 0.50557154]
51,[0.22150752 0.36801004]
52,[0.11030286 0.16183448]
53,[0.15736637 0.08014518]
54,[0.24024388 0.040259  ]
55,[0.35225606 0.03663075]
56,[0.32387578 0.10738575]
57,[0.3572797 0.1672281]
58,[0.40002263 0.15651226]
59,[0.30472037 0.2653334 ]
60,[0.22460698 0.19566655]
61,[0.08813027 0.26959538]
62,[0.40305308 0.31681573]
63,[0.534479   0.19547564]
64,[0.54099506 0.18874156]
65,[0.55741745 0.16007352]
66,[0.6223541  0.15509617]
67,[0.6359328  0.14518762]
68,[0.65007806 0.15949494]
69,[0.66954005 0.13313931]
70,[0.61136514 0.13285106]
71,[0.6686687  0.12119573]
72,[0.48439986 0.03469479]
73,[0.44706628 0.07330167]
74,[0.44272453 0.06419849]
75,[0.45967948 0.09167933]
76,[0.4444861  0.12760413]
77,[0.3232713 0.177845 ]
78,[0.29474565 0.18640304]
79,[0.38945708 0.19033718]
80,[0.3078379  0.31016374]
81,[0.28273064 0.26083994]
82,[0.26318336 0.26285672]
83,[0.27742258 0.27964222]
84,[0.35217264 0.20178199]
85,[0.3045702 0.145944 ]
86,[0.21614549 0.08792448]
87,[0.32464775 0.04939878]
88,[0.34194592 0.03741598]
89,[0.33066264 0.01954842]
90,[0.31159905 0.0104233 ]
91,[0.22228539 0.16202283]
92,[0.09177232 0.5390692 ]
93,[0.09817013 0.5374751 ]
94,[0.09858285 0.5372741 ]
95,[0.07109857 0.5200919 ]
96,[0.0765259 0.5205027]
97,[0.06151573 0.51160014]
98,[0.05397578 0.5009694 ]
99,[0.00180238 0.49555624]
100,[0.03458174 0.46533298]
101,[0.08050002 0.3335551 ]
102,[0.09682323 0.33854115]
103,[0.12291011 0.34480453]
104,[0.16298556 0.28675878]
105,[0.24086884 0.21924305]
106,[0.31363583 0.11841726]
107,[0.33988425 0.13870716]
108,[0.3261927  0.14627957]
109,[0.30848625 0.13892472]
110,[0.2981518 0.1371615]
111,[0.27496207 0.15881956]
112,[0.2563518  0.14510977]
113,[0.18860117 0.17185712]
114,[0.19580555 0.18302727]
115,[0.20939411 0.18861926]
116,[0.19823647 0.18502772]
117,[0.13926776 0.13801587]
118,[0.13730377 0.13798285]
119,[0.08335726 0.08390892]
120,[0.09622148 0.06157529]
121,[0.08743737 0.05561292]
122,[0.07098983 0.04416764]
123,[0.0920397  0.05848587]
124,[0.10757272 0.06550205]
125,[0.07198486 0.04384351]
126,[0.08276811 0.03041244]
127,[0.13228628 0.01973927]
128,[0.04477669 0.08822334]
129,[0.04599159 0.08619535]
130,[0.0878361 0.1033988]
131,[0.0556262 0.0890125]
132,[0.03876175 0.12217665]
133,[0.06960014 0.147493  ]
134,[0.12990351 0.03493011]
135,[0.10949203 0.02708209]
136,[0.05482803 0.02444112]
137,[0.0222726  0.09811771]
138,[0.02865553 0.0616914 ]
139,[0.02363061 0.04176092]
140,[0.01413901 0.03406274]
141,[0.02990421 0.05217993]
142,[0.02006394 0.02832174]
143,[0.03066791 0.00867522]
144,[0.03747417 0.00892901]
145,[0.02925833 0.08908886]
146,[0.01292914 0.11039388]
147,[0.04830115 0.06612974]
148,[0.0138553  0.07032806]
149,[0.02590276 0.08918858]
150,[0.02269866 0.09329867]
151,[0.01911814 0.10002834]
152,[0.01744474 0.12684768]
153,[0.07014808 0.04697931]
154,[0.08631074 0.06012726]
155,[0.11647929 0.07488751]
156,[0.05793118 0.23931193]
157,[0.06006939 0.24278325]
158,[0.01576179 0.23973572]
159,[0.00658556 0.24649763]
160,[0.03045567 0.23857409]
161,[0.0447294 0.2592402]
162,[0.11719996 0.16106641]
163,[0.08212443 0.1533773 ]
164,[0.07628311 0.14804149]
165,[0.11351662 0.19722104]
166,[0.03545475 0.2570663 ]
167,[0.03867216 0.25596887]
168,[0.03154609 0.24083817]
169,[0.04022345 0.2471506 ]
170,[0.08252923 0.22637093]
171,[0.06497686 0.2039268 ]
172,[0.05123318 0.19198108]
173,[0.02867027 0.1752649 ]
174,[0.04181038 0.1625104 ]
175,[0.02402336 0.1271469 ]
176,[0.10872038 0.0128417 ]
177,[0.05339549 0.03710043]
178,[0.04464692 0.04414684]
179,[0.05674432 0.03200585]
180,[0.04259038 0.04625398]
181,[0.04262801 0.0462299 ]
182,[0.05172189 0.05345392]
183,[0.10108246 0.11655974]
184,[0.13748448 0.06462097]
185,[0.15267465 0.06369925]
186,[0.17998521 0.06871259]
187,[0.14706662 0.11013854]
188,[0.1877439  0.10668337]
189,[0.22105889 0.06760406]
190,[0.23042545 0.06853938]
191,[0.2319315  0.06786287]
192,[0.25011408 0.0853008 ]
193,[0.24379341 0.09856451]
194,[0.2034491  0.10704029]
195,[0.16541724 0.08901978]
196,[0.15995148 0.07677472]
197,[0.12149085 0.01797867]
198,[0.09396522 0.03765655]
199,[0.06394659 0.01467657]
200,[0.05607359 0.02700841]
201,[0.05521008 0.0281533 ]
202,[0.04256041 0.03326952]
203,[0.07466601 0.05428588]
204,[0.04446383 0.03632331]
205,[0.02417058 0.0121671 ]
206,[0.03584206 0.00243521]
207,[0.04595408 0.0107311 ]
208,[0.03943114 0.00869685]
209,[0.06583187 0.00539362]
210,[0.04720107 0.00684702]
211,[0.07730164 0.02170509]
212,[0.10109694 0.02660072]
213,[0.0323385  0.06138927]
214,[0.04238343 0.05523467]
215,[0.03982607 0.05570817]
216,[0.01627447 0.0373041 ]
217,[0.02137119 0.04156709]
218,[0.01268339 0.03815055]
219,[0.03584    0.06769025]
220,[0.03791133 0.06759387]
221,[0.02909778 0.07343531]
222,[0.03430816 0.07692873]
223,[0.05202311 0.11409682]
224,[0.07453048 0.12136143]
225,[0.10083995 0.11442256]
226,[0.10233463 0.11692524]
227,[0.07975984 0.16647148]
228,[0.08572701 0.16254193]
229,[0.11835189 0.20301288]
230,[0.14001614 0.18507385]
231,[0.11534162 0.17309183]
232,[0.10608043 0.16988498]
233,[0.10560746 0.16909587]
234,[0.15110013 0.10807472]
235,[0.16160585 0.11086923]
236,[0.1842774  0.11100531]
237,[0.1544145  0.09760934]
238,[0.15814939 0.09764385]
239,[0.20940411 0.06537175]
240,[0.18215267 0.05630893]
241,[0.17330521 0.06024575]
242,[0.1889127  0.05021489]
243,[0.16955101 0.01764226]
244,[0.17925856 0.02583587]
245,[0.17890832 0.02549499]
246,[0.19970796 0.01108599]
247,[0.21303348 0.00932848]
248,[0.21807066 0.00435066]
249,[0.23060481 0.00202107]
0,[1.2443677  0.49594772]
1,[1.0870761  0.36564887]
2,[0.62725455 0.26925194]
3,[1.2722208 0.3217277]
4,[0.62677556 0.43995905]
5,[0.022715   0.50381756]
6,[0.11524518 0.5491783 ]
7,[0.23851173 0.57829297]
8,[1.0972289  0.84956884]
9,[0.81190836 0.7981025 ]
10,[0.74136525 0.8182533 ]
11,[0.5939639  0.72218764]
12,[0.34666154 0.7090485 ]
13,[0.5223471  0.70801073]
14,[0.44769615 0.6600448 ]
15,[0.31570733 0.5534943 ]
16,[0.2513764  0.55298805]
17,[0.42893565 0.67343   ]
18,[0.53166485 0.73544425]
19,[0.20626554 0.656021  ]
20,[0.09373912 0.43110162]
21,[0.23904476 0.15713423]
22,[0.14711355 0.24486214]
23,[0.05606189 0.0884586 ]
24,[0.06129728 0.07670081]
25,[0.06855084 0.2710309 ]
26,[0.3160426  0.42611724]
27,[0.48192292 0.92810786]
28,[0.6355839  0.95417243]
29,[0.67077655 0.9807648 ]
30,[0.6720158  0.97969615]
31,[0.6528018 0.9891099]
32,[0.4737134 1.0036149]
33,[0.3680503 1.0278853]
34,[0.08747777 0.8434507 ]
35,[0.243571   0.93260694]
36,[0.10351307 0.68290234]
37,[0.00580692 0.50017065]
38,[0.05442253 0.5262989 ]
39,[0.25606817 0.7860464 ]
40,[0.06617101 0.9370078 ]
41,[0.17140655 0.8927603 ]
42,[0.13909888 0.90674657]
43,[0.32486472 0.70246327]
44,[0.35373747 0.6669443 ]
45,[0.17919713 0.26819485]
46,[0.09533089 0.3210039 ]
47,[0.05082143 0.3350399 ]
48,[0.10787633 0.31094354]
49,[0.0235146  0.32760686]
50,[0.08989394 0.08285356]
51,[0.03296261 0.37831473]
52,[0.11090702 0.2664925 ]
53,[0.2044625  0.28596866]
54,[0.19895718 0.2736557 ]
55,[0.20258044 0.27385247]
56,[0.2161849  0.26287013]
57,[0.18489318 0.26544058]
58,[0.25605524 0.15950513]
59,[0.20274988 0.21165729]
60,[0.2748152  0.18531245]
61,[0.4015856 0.3640492]
62,[0.45356512 0.360411  ]
63,[0.40029767 0.35393232]
64,[0.37555933 0.33989388]
65,[0.34764722 0.32062423]
66,[0.34101382 0.32081932]
67,[0.2932327  0.38314593]
68,[0.30688506 0.37818938]
69,[0.20224999 0.52234685]
70,[0.17825991 0.54363394]
71,[0.27503917 0.46368158]
72,[0.2866165  0.46191865]
73,[0.2546099  0.42475396]
74,[0.31708705 0.34798783]
75,[0.40071797 0.2737428 ]
76,[0.38291854 0.276142  ]
77,[0.41535214 0.3317011 ]
78,[0.5010358 0.288754 ]
79,[0.3967855 0.3458072]
80,[0.40518102 0.3358643 ]
81,[0.44313556 0.356023  ]
82,[0.3649638  0.37018758]
83,[0.3132584  0.39367038]
84,[0.2740119  0.43148267]
85,[0.3182331  0.38239664]
86,[0.31788623 0.38235188]
87,[0.26215377 0.41131538]
88,[0.32829013 0.45810866]
89,[0.3209186 0.4708838]
90,[0.3379425  0.45314294]
91,[0.33518717 0.45324773]
92,[0.3588038 0.4570793]
93,[0.306116   0.46777827]
94,[0.2604001  0.44670868]
95,[0.29087684 0.41045284]
96,[0.32014194 0.44325256]
97,[0.22563322 0.44998264]
98,[0.25347227 0.53163743]
99,[0.24273661 0.5473161 ]
100,[0.2363724 0.5518138]
101,[0.29753506 0.6194835 ]
102,[0.33556807 0.6904939 ]
103,[0.2313998  0.65218556]
104,[0.25936097 0.6168359 ]
105,[0.27782452 0.6149449 ]
106,[0.32915813 0.6333244 ]
107,[0.36275437 0.60593903]
108,[0.34520006 0.5980369 ]
109,[0.3628471 0.6000806]
110,[0.25061032 0.46060598]
111,[0.21902013 0.4303493 ]
112,[0.20475525 0.4339623 ]
113,[0.17845109 0.4133904 ]
114,[0.21159086 0.41883802]
115,[0.15776676 0.46610802]
116,[0.1555746 0.4651212]
117,[0.17397618 0.464226  ]
118,[0.13601051 0.49115717]
119,[0.09794417 0.47212064]
120,[0.09426472 0.47878784]
121,[0.1861945  0.56606394]
122,[0.22217244 0.52023613]
123,[0.19851995 0.53459275]
124,[0.1842903 0.5418515]
125,[0.21586563 0.51920104]
126,[0.08792239 0.33206326]
127,[0.06232575 0.29730934]
128,[0.12457867 0.29415405]
129,[0.1305775 0.2990011]
130,[0.11946838 0.30810106]
131,[0.17619748 0.19678503]
132,[0.20481971 0.16636103]
133,[0.201379   0.16274309]
134,[0.19839883 0.16843593]
135,[0.17563117 0.1272806 ]
136,[0.14624512 0.13090271]
137,[0.12929782 0.13060045]
138,[0.11053546 0.15044886]
139,[0.13078006 0.13404793]
140,[0.13221487 0.1343059 ]
141,[0.08475608 0.08004522]
142,[0.07351369 0.07967472]
143,[0.07151699 0.08054036]
144,[0.05661966 0.08581609]
145,[0.07123996 0.07181191]
146,[0.1394975  0.05081266]
147,[0.15148361 0.07041156]
148,[0.19383451 0.14328563]
149,[0.1764081  0.13944888]
150,[0.14882293 0.15678704]
151,[0.13548522 0.14761102]
152,[0.14513765 0.13853222]
153,[0.0895095  0.06200224]
154,[0.07686111 0.05044258]
155,[0.06561784 0.0632742 ]
156,[0.08302376 0.07337987]
157,[0.04562763 0.03174347]
158,[0.02402909 0.04572308]
159,[0.02083407 0.0407843 ]
160,[0.00147524 0.03916723]
161,[0.05196387 0.01974136]
162,[0.04939939 0.02050304]
163,[0.0503484  0.02169281]
164,[0.04491473 0.02312499]
165,[0.00784317 0.00513279]
166,[0.0296353  0.01873952]
167,[0.00359054 0.03321874]
168,[0.00031583 0.0312928 ]
169,[0.02799581 0.04104608]
170,[0.01607095 0.03545523]
171,[0.01952948 0.03110367]
172,[0.04294439 0.00278032]
173,[0.05060271 0.00077766]
174,[0.05541338 0.00055563]
175,[0.06856396 0.0026384 ]
176,[0.11359908 0.04350895]
177,[0.1412609  0.00025392]
178,[0.1652058 0.0163759]
179,[0.14459518 0.0214684 ]
180,[0.13094631 0.03238446]
181,[0.10447121 0.04990488]
182,[0.123129   0.03292513]
183,[0.13980775 0.0457502 ]
184,[0.18387529 0.0455035 ]
185,[0.20343554 0.04542589]
186,[0.20535375 0.04363155]
187,[0.2151255  0.03960466]
188,[0.25379202 0.08133888]
189,[0.23330194 0.06368744]
190,[0.2718928 0.0297904]
191,[0.25962755 0.01856136]
192,[0.23937681 0.03905916]
193,[0.2342051  0.04172707]
194,[0.256752   0.03334939]
195,[0.27093846 0.01192677]
196,[0.26122317 0.01261318]
197,[0.2456304  0.03856468]
198,[0.25157067 0.02693713]
199,[0.26972145 0.02463996]
200,[0.25123358 0.03998923]
201,[0.32854512 0.11109567]
202,[0.2960333  0.12941706]
203,[0.2648852  0.12439406]
204,[0.22371091 0.15500033]
205,[0.30131727 0.2588687 ]
206,[0.28751668 0.28473222]
207,[0.27024463 0.29909408]
208,[0.27168915 0.2943374 ]
209,[0.30245042 0.29456067]
210,[0.3195425 0.2876333]
211,[0.26654404 0.19941235]
212,[0.2640925  0.20244431]
213,[0.28423527 0.2266028 ]
214,[0.24933794 0.19998479]
215,[0.21225226 0.2017994 ]
216,[0.24132282 0.23936522]
217,[0.193703   0.24164367]
218,[0.17337763 0.24404669]
219,[0.21609978 0.31483042]
220,[0.17824657 0.323169  ]
221,[0.18121642 0.31980252]
222,[0.19138335 0.32811975]
223,[0.19614223 0.3165375 ]
224,[0.2314562  0.36454034]
225,[0.22845228 0.36210275]
226,[0.23023686 0.36408567]
227,[0.17506754 0.2986654 ]
228,[0.17990956 0.30066967]
229,[0.21590243 0.3180411 ]
230,[0.18023847 0.2754457 ]
231,[0.11979779 0.22759259]
232,[0.08900486 0.20837092]
233,[0.09200519 0.20652103]
234,[0.06455267 0.1774658 ]
235,[0.06009382 0.17458355]
236,[0.05797521 0.17710388]
237,[0.06433421 0.17932475]
238,[0.05030024 0.1710006 ]
239,[0.0612141  0.15454972]
240,[0.06724016 0.1573788 ]
241,[0.07073231 0.15668571]
242,[0.05384447 0.16604102]
243,[0.06912278 0.148942  ]
244,[0.06649077 0.14989352]
245,[0.05441153 0.16707802]
246,[0.06189722 0.14893627]
247,[0.01866882 0.100214  ]
248,[0.02488208 0.0611589 ]
249,[0.04385296 0.04810047]
0,[3.0875983 1.755007 ]
1,[3.401634  1.5295457]
2,[3.1987176 1.8598636]
3,[3.3634317 1.8944763]
4,[3.2295086 1.8743958]
5,[3.3134644 1.5488307]
6,[2.8316917 1.4726031]
7,[2.1941855 0.4591018]
8,[1.1540636 1.495086 ]
9,[1.0682262 1.3057642]
10,[1.5537996 1.0084801]
11,[1.8959401 0.50326  ]
12,[1.923788  0.5349529]
13,[1.1664559 2.991366 ]
14,[1.2782989 2.7386374]
15,[0.7591561 2.4678261]
16,[0.56305504 2.0896947 ]
17,[0.50603855 2.0951738 ]
18,[0.741638  1.9388347]
19,[0.58679444 1.8166919 ]
20,[0.62217546 1.7914934 ]
21,[0.5327058 1.9103196]
22,[0.42067742 1.958806  ]
23,[0.45657808 1.897603  ]
24,[0.25247473 1.945216  ]
25,[0.11172046 1.6769803 ]
26,[0.04506369 1.6557493 ]
27,[0.22000158 1.4788907 ]
28,[0.18031678 1.4435298 ]
29,[0.20714697 1.4149141 ]
30,[0.2991475 1.467854 ]
31,[0.33556896 1.4666467 ]
32,[0.16692188 1.4933686 ]
33,[0.11819257 1.4892344 ]
34,[0.01276707 1.6478338 ]
35,[0.1437847 1.5461493]
36,[0.0492385 1.3395753]
37,[0.21261914 1.3550227 ]
38,[0.37294048 1.3309793 ]
39,[0.49581742 1.3822551 ]
40,[0.42900717 1.3122916 ]
41,[0.22180128 1.4787729 ]
42,[0.20818181 1.4817271 ]
43,[0.18817657 1.4934871 ]
44,[0.17206152 1.4735847 ]
45,[0.18261425 1.4613032 ]
46,[0.08078793 1.4208732 ]
47,[0.08640232 1.4225159 ]
48,[0.07639848 1.3596258 ]
49,[0.09965187 1.3450317 ]
50,[0.13460867 1.3329616 ]
51,[0.15212132 1.3187275 ]
52,[0.10585359 1.3024223 ]
53,[0.11704673 1.2825146 ]
54,[0.04831731 1.2605233 ]
55,[0.05032744 1.2571704 ]
56,[0.1154469 1.1461284]
57,[0.09261616 1.1802447 ]
58,[0.10945849 1.1560352 ]
59,[0.13865751 1.0925782 ]
60,[0.10026374 1.0603056 ]
61,[0.1695822 1.052361 ]
62,[0.24031998 1.0033231 ]
63,[0.30132705 1.0014119 ]
64,[0.20110376 0.9039129 ]
65,[0.24241155 0.9064039 ]
66,[0.25290576 0.9026606 ]
67,[0.29513934 0.8914871 ]
68,[0.34225637 0.82660043]
69,[0.26504454 0.8392855 ]
70,[0.2980302 0.8393457]
71,[0.32254973 0.85423577]
72,[0.3246413 0.8559091]
73,[0.26483423 0.7736088 ]
74,[0.23889999 0.77157855]
75,[0.02412632 0.48940432]
76,[0.19856268 0.26281202]
77,[0.1457138  0.23552263]
78,[0.15393485 0.24616516]
79,[0.21327862 0.2570591 ]
80,[0.08497266 0.46199548]
81,[0.05954811 0.47147572]
82,[0.06604195 0.48452199]
83,[0.04633104 0.50256515]
84,[0.01444167 0.50734687]
85,[0.13824973 0.63503325]
86,[0.09939228 0.6428145 ]
87,[0.03276136 0.59899473]
88,[0.07881451 0.58691823]
89,[0.05906189 0.5969994 ]
90,[0.05741139 0.5311979 ]
91,[0.1643174 0.4064473]
92,[0.1389074  0.41050828]
93,[0.01731668 0.55569386]
94,[0.03259276 0.5268135 ]
95,[0.07504372 0.58862174]
96,[0.0467239  0.56781495]
97,[0.10713892 0.5946003 ]
98,[0.13426386 0.59498644]
99,[0.27178106 0.73981667]
100,[0.28811193 0.7223164 ]
101,[0.36489463 0.83008885]
102,[0.39498678 0.82450974]
103,[0.46497473 0.8150579 ]
104,[0.4208586 0.8177712]
105,[0.42595273 0.8217968 ]
106,[0.4598528  0.78918624]
107,[0.42493805 0.75803435]
108,[0.46021742 0.80832005]
109,[0.5467118 0.7860024]
110,[0.5507141 0.7832452]
111,[0.5603941  0.78363514]
112,[0.51763195 0.8261194 ]
113,[0.49300182 0.8291354 ]
114,[0.5109882 0.8363693]
115,[0.47744337 0.81007266]
116,[0.42406976 0.8549241 ]
117,[0.35454205 0.82603693]
118,[0.32473552 0.8249898 ]
119,[0.28690785 0.7991879 ]
120,[0.29007426 0.79361665]
121,[0.24943733 0.78679824]
122,[0.2822593  0.77507424]
123,[0.28707984 0.76801574]
124,[0.28112972 0.76207376]
125,[0.26484573 0.7740376 ]
126,[0.26357895 0.7747004 ]
127,[0.27021796 0.77431023]
128,[0.28077996 0.7821034 ]
129,[0.23307848 0.7920141 ]
130,[0.18713427 0.8017789 ]
131,[0.15986551 0.7768825 ]
132,[0.14392236 0.7825426 ]
133,[0.11296128 0.7813556 ]
134,[0.10313253 0.787122  ]
135,[0.10553338 0.78768015]
136,[0.1635452  0.75455165]
137,[0.12858586 0.71945524]
138,[0.12192675 0.72766554]
139,[0.09777045 0.6889274 ]
140,[0.09758614 0.6888585 ]
141,[0.1793025  0.78858066]
142,[0.17489722 0.7819493 ]
143,[0.1424334 0.7699151]
144,[0.1474692 0.7664789]
145,[0.1091775 0.7354187]
146,[0.09078112 0.7657466 ]
147,[0.10714712 0.76673865]
148,[0.06722571 0.7558911 ]
149,[0.00728614 0.7607677 ]
150,[0.05376019 0.7528627 ]
151,[0.02947837 0.7449379 ]
152,[0.04016685 0.7137475 ]
153,[0.01403037 0.6886145 ]
154,[0.02009633 0.6886282 ]
155,[0.06194668 0.65469   ]
156,[0.08860277 0.64891434]
157,[0.05495979 0.64927435]
158,[0.05005613 0.6467078 ]
159,[0.08677117 0.6346575 ]
160,[0.06448971 0.6056932 ]
161,[0.07222374 0.608549  ]
162,[0.11170973 0.5944545 ]
163,[0.08417396 0.62377   ]
164,[0.1492739 0.5711051]
165,[0.07088272 0.6685717 ]
166,[0.05624038 0.665113  ]
167,[0.04690656 0.6694205 ]
168,[0.11393034 0.60603416]
169,[0.1249781  0.59336936]
170,[0.08383346 0.5485041 ]
171,[0.04572171 0.5479517 ]
172,[0.17143184 0.21492231]
173,[0.155146  0.2045821]
174,[0.14491192 0.20828032]
175,[0.12817606 0.1784482 ]
176,[0.13344054 0.18188918]
177,[0.12271307 0.17068493]
178,[0.07089031 0.1982112 ]
179,[0.0957789 0.1912756]
180,[0.09124995 0.18688357]
181,[0.10030479 0.19697428]
182,[0.08250654 0.20753062]
183,[0.01464289 0.2656572 ]
184,[0.04850133 0.27160573]
185,[0.02113182 0.3028866 ]
186,[0.01190159 0.30494404]
187,[0.03809844 0.27624273]
188,[0.03003645 0.28294003]
189,[0.08007705 0.22164297]
190,[0.09804475 0.21524715]
191,[0.08835602 0.21339631]
192,[0.11674591 0.23830342]
193,[0.01506796 0.3049091 ]
194,[0.03843492 0.29037356]
195,[0.04753798 0.27860332]
196,[0.04147005 0.27862954]
197,[0.05104144 0.28524053]
198,[0.08045197 0.25677097]
199,[0.0864247  0.25006294]
200,[0.10449624 0.27323186]
201,[0.13759178 0.27365267]
202,[0.13311458 0.276271  ]
203,[0.10515189 0.30642414]
204,[0.09657945 0.30766654]
205,[0.07003637 0.28951323]
206,[0.07261553 0.29081106]
207,[0.06095028 0.2886933 ]
208,[0.06853391 0.30306375]
209,[0.04536258 0.31304014]
210,[0.00906563 0.28505158]
211,[0.06329891 0.25833678]
212,[0.06537572 0.2595415 ]
213,[0.07123333 0.25936687]
214,[0.04011303 0.22449088]
215,[0.06206185 0.20534599]
216,[0.10767168 0.12082696]
217,[0.13607588 0.11894751]
218,[0.1265985  0.11399508]
219,[0.1686475  0.07007825]
220,[0.20000574 0.05850923]
221,[0.18263957 0.03606343]
222,[0.16729233 0.00035495]
223,[1.6609120e-01 4.5657158e-05]
224,[0.140553   0.01469839]
225,[0.12206903 0.00383937]
226,[0.10976225 0.00665182]
227,[0.10386695 0.01052362]
228,[0.10189621 0.01149493]
229,[0.07479959 0.01509738]
230,[0.06316599 0.00026345]
231,[0.05049968 0.01028717]
232,[0.03119749 0.00659668]
233,[0.02390627 0.01566708]
234,[0.04423022 0.01518512]
235,[0.04780418 0.0179801 ]
236,[0.06275958 0.03239238]
237,[0.05865046 0.03427207]
238,[0.06455567 0.0420655 ]
239,[0.10490961 0.01252294]
240,[0.12165117 0.01540142]
241,[0.10714988 0.02002048]
242,[0.1122227  0.01116765]
243,[0.12282309 0.00513488]
244,[0.10179199 0.0004518 ]
245,[0.0981091  0.00397086]
246,[0.11066717 0.01378715]
247,[0.10043957 0.01955104]
248,[0.0874247  0.03038228]
249,[0.10107259 0.04455435]
0,[2.6911626 2.1507516]
1,[1.7997663 2.3254201]
2,[1.9525596 2.2238493]
3,[2.314983  2.1853771]
4,[1.0732992 1.8520591]
5,[1.5661758 2.2545903]
6,[1.5899079 2.2247536]
7,[2.0937762 2.0246968]
8,[2.1366198 2.0638428]
9,[2.2482507 2.15944  ]
10,[2.122406 2.300422]
11,[2.3488016 3.5982795]
12,[1.6820627 4.192749 ]
13,[1.5937158 4.074234 ]
14,[1.2753277 3.8183312]
15,[1.0161018 3.557615 ]
16,[1.0424012 3.5572517]
17,[0.9660552 3.6390753]
18,[0.54877764 3.321023  ]
19,[0.09592107 2.4684808 ]
20,[0.28905872 2.2443159 ]
21,[0.0927684 1.3083388]
22,[0.19923031 1.2229135 ]
23,[0.29120132 1.1673367 ]
24,[0.32833058 1.175877  ]
25,[0.33671916 1.1663556 ]
26,[0.14345229 0.9309691 ]
27,[0.34869474 0.75302327]
28,[0.29683393 0.46786952]
29,[0.11812723 0.5922588 ]
30,[0.23460296 0.4619615 ]
31,[0.24087231 0.45347047]
32,[0.09250509 0.62316275]
33,[0.14774503 0.61042666]
34,[0.17729127 0.5952304 ]
35,[0.22481263 0.6425411 ]
36,[0.24918014 0.64346117]
37,[0.10478623 0.6292434 ]
38,[0.1853829 0.6747167]
39,[0.23288351 0.699086  ]
40,[0.12456405 0.78310025]
41,[0.3040459 0.6805917]
42,[0.26284173 0.7256217 ]
43,[0.22741607 0.7556245 ]
44,[0.44455123 0.8727617 ]
45,[0.40804645 0.9012629 ]
46,[0.344664   0.72341794]
47,[0.3368    0.7285696]
48,[0.3865998 0.6263443]
49,[0.37474805 0.6407397 ]
50,[0.4916595  0.76760197]
51,[0.48131227 0.7596037 ]
52,[0.54802585 0.6507812 ]
53,[0.36822772 0.6092405 ]
54,[0.39283547 0.571876  ]
55,[0.23696682 0.46627653]
56,[0.27582213 0.47111267]
57,[0.15884404 0.54287416]
58,[0.24265629 0.514669  ]
59,[0.18128031 0.54094565]
60,[0.16018026 0.5303334 ]
61,[0.1749253 0.4986956]
62,[0.01999914 0.40095514]
63,[0.03502123 0.37595838]
64,[0.08774927 0.34373885]
65,[0.06736178 0.3326149 ]
66,[0.21407194 0.4144888 ]
67,[0.19236828 0.38780957]
68,[0.15971927 0.40955442]
69,[0.13574526 0.40158254]
70,[0.22948076 1.4223721 ]
71,[0.03047682 1.0135599 ]
72,[0.02561641 1.0211504 ]
73,[0.07040402 0.93409777]
74,[0.03976516 0.90148276]
75,[0.05961171 0.872054  ]
76,[0.04274945 0.8718354 ]
77,[0.20205054 0.94789547]
78,[0.19755106 0.9509884 ]
79,[0.24815537 0.9548197 ]
80,[0.28367287 0.9645493 ]
81,[0.2586896 0.9793938]
82,[0.18829107 0.89625454]
83,[0.15044138 0.91530776]
84,[0.30420122 0.995471  ]
85,[0.33843565 0.87117344]
86,[0.26809454 0.8257421 ]
87,[0.30984506 0.7855239 ]
88,[0.30595568 0.78749025]
89,[0.3379339  0.82829624]
90,[0.2972247 0.8322633]
91,[0.25961745 0.8615259 ]
92,[0.2518856 0.867476 ]
93,[0.37402403 0.8404667 ]
94,[0.4135344 0.8387938]
95,[0.49499825 0.91703266]
96,[0.5554758  0.96742404]
97,[0.59936625 0.998897  ]
98,[0.5724526  0.96259165]
99,[0.59841955 0.97881585]
100,[0.61730915 0.9932472 ]
101,[0.63907856 0.9767087 ]
102,[0.64057374 0.9747277 ]
103,[0.6740076  0.95536524]
104,[0.6835683  0.95723045]
105,[0.7160198 0.9265554]
106,[0.7739299  0.91232944]
107,[0.7698738 0.9158456]
108,[0.81575024 0.9489437 ]
109,[0.822156  0.9489082]
110,[0.79853165 0.91598743]
111,[0.7865754 0.9306898]
112,[0.80807203 0.9505987 ]
113,[0.76489776 0.95215017]
114,[0.79545623 0.9517282 ]
115,[0.7935151  0.94974494]
116,[0.7504475 0.9435762]
117,[0.6945257  0.94936156]
118,[0.6989996 0.9545402]
119,[0.7275536 1.0084735]
120,[0.7696267 0.9751327]
121,[0.7350885  0.94288915]
122,[0.74227417 0.93500865]
123,[0.73593223 0.9395811 ]
124,[0.72061753 0.94115764]
125,[0.7537015 0.9235645]
126,[0.74746203 0.91938734]
127,[0.75979006 0.91878915]
128,[0.7535245 0.9205213]
129,[0.73363113 0.94554317]
130,[0.69727707 0.9477755 ]
131,[0.738065  1.0146435]
132,[0.7261761 1.0137377]
133,[0.7832694  0.97164446]
134,[0.8080673  0.98557365]
135,[0.85115016 0.97193974]
136,[0.7257916 0.8458531]
137,[0.7311432 0.8543306]
138,[0.75153106 0.8153802 ]
139,[0.74885875 0.813797  ]
140,[0.84616005 0.8578059 ]
141,[0.84566694 0.85848594]
142,[0.8336875  0.87050664]
143,[0.8874937 0.8543204]
144,[0.890692   0.85187924]
145,[0.9387653  0.81508106]
146,[0.92424124 0.79241025]
147,[0.8724015 0.7509196]
148,[0.8052491  0.74967414]
149,[0.79737765 0.75878847]
150,[0.8209549 0.7397707]
151,[0.77690965 0.7141317 ]
152,[0.78553 0.70279]
153,[0.80961776 0.66011244]
154,[0.77858347 0.6316643 ]
155,[0.7613788  0.63372976]
156,[0.78856486 0.639833  ]
157,[0.7977632 0.6532053]
158,[0.8247397  0.66154695]
159,[0.8018721  0.64740217]
160,[0.76478803 0.66715   ]
161,[0.77644825 0.64192605]
162,[0.8060049 0.6638549]
163,[0.80548155 0.6642314 ]
164,[0.8107687  0.66952354]
165,[0.813572  0.6662822]
166,[0.7941179  0.66369504]
167,[0.850782   0.66286653]
168,[0.8637897 0.6522174]
169,[0.81580234 0.6112932 ]
170,[0.8277552  0.59449756]
171,[0.8213012  0.59538305]
172,[0.8587236 0.5614213]
173,[0.8166028 0.5361284]
174,[0.7816825  0.53047323]
175,[0.8014454  0.53385365]
176,[0.77683294 0.5442548 ]
177,[0.7472767 0.5243672]
178,[0.75628364 0.5148369 ]
179,[0.7779433 0.5259936]
180,[0.77032113 0.5344025 ]
181,[0.81504995 0.52589285]
182,[0.79560745 0.5686331 ]
183,[0.80175924 0.57292515]
184,[0.7931671 0.591634 ]
185,[0.8196738 0.5756279]
186,[0.91937184 0.70446604]
187,[0.93078244 0.7071858 ]
188,[0.940358   0.69409996]
189,[0.9269255 0.6886043]
190,[0.9041593 0.6941595]
191,[0.92779577 0.7239164 ]
192,[0.91187125 0.74524856]
193,[0.9011553 0.734035 ]
194,[0.90183485 0.73393893]
195,[0.9010143 0.7340516]
196,[0.83331394 0.6199942 ]
197,[0.8414623 0.6227619]
198,[0.8201163  0.61152625]
199,[0.82518226 0.59908134]
200,[0.7994994  0.58222765]
201,[0.7671819  0.53842366]
202,[0.79744375 0.5190482 ]
203,[0.7970841 0.518976 ]
204,[0.7469672  0.46313328]
205,[0.7265508  0.45803732]
206,[0.7032545  0.44500792]
207,[0.6791666  0.42214507]
208,[0.6807894  0.42258722]
209,[0.71267    0.41226983]
210,[0.71724385 0.40189207]
211,[0.70363766 0.3968048 ]
212,[0.71082824 0.39407104]
213,[0.7044431 0.3982945]
214,[0.71260333 0.40193117]
215,[0.6954119  0.38749743]
216,[0.67637765 0.40880734]
217,[0.688579   0.39773852]
218,[0.6961899  0.39954102]
219,[0.66896147 0.4018941 ]
220,[0.6673448  0.40161353]
221,[0.67652106 0.38309014]
222,[0.67430437 0.3872788 ]
223,[0.6771042  0.38879055]
224,[0.7265092  0.37911177]
225,[0.6942129  0.35694003]
226,[0.7010208  0.34885818]
227,[0.7234345 0.3670758]
228,[0.7441929  0.38035834]
229,[0.7401088 0.380628 ]
230,[0.7456647  0.38089556]
231,[0.76198304 0.4021526 ]
232,[0.8042588  0.46053946]
233,[0.8103089  0.47008473]
234,[0.80741143 0.4670301 ]
235,[0.80023867 0.46378523]
236,[0.80853474 0.4656152 ]
237,[0.8017729  0.46914935]
238,[0.81406105 0.47498447]
239,[0.8016926  0.47258526]
240,[0.84726155 0.5090648 ]
241,[0.8395043 0.5149493]
242,[0.8066787  0.48559153]
243,[0.81568426 0.4698922 ]
244,[0.7966742  0.44775808]
245,[0.7867611  0.45809782]
246,[0.8102586  0.46328944]
247,[0.8246515  0.46033514]
248,[0.8138879  0.46479028]
249,[0.80813146 0.46483344]
0,[1.0191373 1.1903429]
1,[0.4512158 1.1914053]
2,[0.62064487 1.3722548 ]
3,[0.17956716 1.368602  ]
4,[1.6252315  0.30542815]
5,[1.9036542 0.9549701]
6,[1.5857903  0.52921987]
7,[1.4605871 0.5949178]
8,[0.9766228 0.553337 ]
9,[0.8817869 0.6226621]
10,[0.9828063 0.5527866]
11,[0.7667257  0.61476505]
12,[0.3245901 0.6675098]
13,[0.58584285 1.2077034 ]
14,[0.6138847 1.2485387]
15,[0.44375128 1.3410419 ]
16,[0.26503977 1.4348514 ]
17,[0.4638465 1.2571902]
18,[0.6148068 1.0779048]
19,[0.45916015 1.0546379 ]
20,[0.55382115 1.131912  ]
21,[0.71751034 1.4588925 ]
22,[0.73406255 1.5039499 ]
23,[0.62092644 1.4250523 ]
24,[0.54104775 1.5290384 ]
25,[0.86200446 1.8046074 ]
26,[0.8959369 1.7596029]
27,[0.99481773 1.9283172 ]
28,[0.8852673 2.0311508]
29,[1.0481044 1.8196094]
30,[1.1159931 1.7666147]
31,[1.1414948 1.7389421]
32,[0.9535496 1.5482612]
33,[0.91365564 1.6010073 ]
34,[0.89098275 1.6435626 ]
35,[0.9468757 1.6279944]
36,[0.90790683 1.6811001 ]
37,[0.7239356 1.3132787]
38,[0.8534634 1.0759231]
39,[0.8292516 1.0772936]
40,[0.7432644 1.1613724]
41,[0.6863138 1.1257194]
42,[0.6631974 1.1527138]
43,[0.8434776 1.0484488]
44,[0.88081545 1.0612897 ]
45,[0.85510373 1.0185131 ]
46,[0.8149781 1.0316538]
47,[0.817841  1.0349369]
48,[0.99578524 1.081661  ]
49,[0.97969717 1.0851057 ]
50,[0.80904096 1.0220227 ]
51,[0.7566758 1.0499436]
52,[0.5865508 0.9817064]
53,[0.754771  1.1679454]
54,[0.79509395 1.1130457 ]
55,[0.8071686 1.1090328]
56,[0.7741863 1.0890623]
57,[0.67518085 1.1490964 ]
58,[0.71180004 1.1036485 ]
59,[0.72292817 1.0809233 ]
60,[0.64930815 1.0935037 ]
61,[0.657994  1.0853412]
62,[0.5877997 1.0113757]
63,[0.5296669 1.0759201]
64,[0.5443918 1.0930473]
65,[0.5179478 1.1111908]
66,[0.49680182 1.129766  ]
67,[0.5865888 1.039216 ]
68,[0.47102574 0.82083523]
69,[0.3728136 0.7676078]
70,[0.3173723  0.75862515]
71,[0.2839817 0.7797668]
72,[0.3640126  0.84973025]
73,[0.3231553  0.84525776]
74,[0.3521962 0.8620115]
75,[0.40887198 0.885635  ]
76,[0.44843802 0.891016  ]
77,[0.4738962  0.89878017]
78,[0.455531  0.9149168]
79,[0.42621374 0.91166556]
80,[0.39589542 0.97507095]
81,[0.4080135 0.9847456]
82,[0.36917233 1.0010105 ]
83,[0.34640175 1.0127145 ]
84,[0.35497543 1.0034889 ]
85,[0.32285237 0.9683155 ]
86,[0.3641208 0.9541413]
87,[0.3618425  0.96167177]
88,[0.52440596 1.045735  ]
89,[0.53034306 1.0416267 ]
90,[0.55150604 1.0190501 ]
91,[0.56850344 1.0215664 ]
92,[0.5767015 0.9958333]
93,[0.61094785 0.93810445]
94,[0.62687105 0.93209296]
95,[0.64917684 0.8375085 ]
96,[0.61567885 0.79340357]
97,[0.579571 0.848086]
98,[0.57181376 0.85446703]
99,[0.5682295 0.8562192]
100,[0.5603424 0.8518356]
101,[0.69869316 0.99167913]
102,[0.6596124 0.9954123]
103,[0.764956  1.1729507]
104,[0.7859859 1.1675742]
105,[0.7799622 1.1829634]
106,[0.8008045 1.1407326]
107,[0.8217951 1.1657424]
108,[0.7635733 1.2069883]
109,[0.77927816 1.218567  ]
110,[0.7429989 1.2205799]
111,[0.7775433 1.2440525]
112,[0.8072565 1.1928104]
113,[0.7978685 1.2077535]
114,[0.74318475 1.1006567 ]
115,[0.76952   1.0896336]
116,[0.7982322 1.1099573]
117,[0.7671489 1.073167 ]
118,[0.74861014 1.100633  ]
119,[0.7713317 1.0659989]
120,[0.77435774 1.0707015 ]
121,[0.8973936 1.2536244]
122,[0.73689497 0.97834855]
123,[0.7279354 0.9794505]
124,[0.69009066 0.92358   ]
125,[0.67995197 0.9289391 ]
126,[0.6718234 0.9317656]
127,[0.6643139 0.9194297]
128,[0.65878147 0.92786473]
129,[0.65095186 0.9341062 ]
130,[0.69900286 0.9644338 ]
131,[0.7470401 0.9927703]
132,[0.7398338 0.9808466]
133,[0.76503754 0.99495465]
134,[0.7850107 0.9972933]
135,[0.7285563 0.9677679]
136,[0.7063897  0.93992543]
137,[0.6507961 0.9063851]
138,[0.6668278  0.91132855]
139,[0.66710454 0.9114839 ]
140,[0.713913  0.8639615]
141,[0.7288633  0.84883976]
142,[0.7312734  0.84983134]
143,[0.71715814 0.86984754]
144,[0.75156033 0.8320185 ]
145,[0.73023534 0.85353136]
146,[0.6537113  0.82794905]
147,[0.6684277 0.7988891]
148,[0.6542499 0.7906646]
149,[0.65768623 0.79314166]
150,[0.6585735 0.7930204]
151,[0.66220295 0.7881504 ]
152,[0.7527368 0.9142048]
153,[0.78407776 0.8924037 ]
154,[0.7555431 0.9251846]
155,[0.7574803 0.9234695]
156,[0.7329087 0.8944667]
157,[0.76203036 0.9187306 ]
158,[0.68931085 0.8975322 ]
159,[0.67811894 0.89602023]
160,[0.6828493 0.8998067]
161,[0.6808082  0.90126836]
162,[0.6336138 0.906213 ]
163,[0.6345725  0.90412587]
164,[0.6825687  0.95718634]
165,[0.7368015 1.026303 ]
166,[0.7295728 1.0332972]
167,[0.73033106 1.0346067 ]
168,[0.72809654 1.0348189 ]
169,[0.6663275  0.96433896]
170,[0.6625806 0.9661801]
171,[0.6321965  0.92293143]
172,[0.6543973 0.9218794]
173,[0.64645034 0.93173057]
174,[0.63957024 0.9360978 ]
175,[0.61068857 0.9495773 ]
176,[0.5540259  0.96221054]
177,[0.5774031 0.9581724]
178,[0.58995306 0.9580138 ]
179,[0.4977205 0.8172315]
180,[0.45853096 0.83250296]
181,[0.46215057 0.830757  ]
182,[0.4503194 0.8366447]
183,[0.49254575 0.81542337]
184,[0.49139383 0.8136004 ]
185,[0.4740569 0.8004988]
186,[0.48006135 0.8034313 ]
187,[0.4870108 0.8053464]
188,[0.49809167 0.7999319 ]
189,[0.5313623 0.7999841]
190,[0.5504453 0.8165765]
191,[0.5716193  0.79368323]
192,[0.5880711 0.7971511]
193,[0.5299009 0.7286229]
194,[0.493989   0.72697425]
195,[0.47957078 0.7308296 ]
196,[0.46056786 0.72122395]
197,[0.43356442 0.6830806 ]
198,[0.4008071  0.64332795]
199,[0.41645893 0.64902806]
200,[0.3684857  0.62815464]
201,[0.36037716 0.642954  ]
202,[0.4203184 0.7257066]
203,[0.44630972 0.74147135]
204,[0.43977702 0.7470944 ]
205,[0.45684227 0.73846346]
206,[0.45757845 0.73817754]
207,[0.45670438 0.7388705 ]
208,[0.45549858 0.7387493 ]
209,[0.419334 0.736189]
210,[0.45731246 0.73702765]
211,[0.3849777  0.64622533]
212,[0.37620544 0.64935505]
213,[0.31046647 0.6147747 ]
214,[0.32960033 0.6403715 ]
215,[0.34051648 0.65738726]
216,[0.33933675 0.6579314 ]
217,[0.2553922  0.46420002]
218,[0.21016192 0.37499678]
219,[0.18521251 0.3743366 ]
220,[0.19437118 0.38115817]
221,[0.19806568 0.38170356]
222,[0.2041563 0.3833124]
223,[0.22254348 0.36543566]
224,[0.18071511 0.31942552]
225,[0.16025579 0.28555882]
226,[0.14011924 0.299842  ]
227,[0.11592501 0.30050498]
228,[0.14292867 0.2909884 ]
229,[0.15108909 0.28126907]
230,[0.10716343 0.26639777]
231,[0.08358783 0.28217524]
232,[0.01367055 0.21584445]
233,[0.01647498 0.18228626]
234,[0.0402751  0.20016658]
235,[0.03299094 0.2053994 ]
236,[0.01574551 0.17275012]
237,[0.0388053  0.26166177]
238,[0.06162012 0.27675444]
239,[0.09364501 0.29803294]
240,[0.13229336 0.30534893]
241,[0.17177281 0.4420395 ]
242,[0.1502696  0.40192866]
243,[0.13155821 0.39736944]
244,[0.14056613 0.39804494]
245,[0.1430699  0.39161372]
246,[0.1474315  0.38436425]
247,[0.11477678 0.36850107]
248,[0.07154337 0.3136068 ]
249,[0.04994995 0.32081103]
0,[3.8068738 5.0913115]
1,[3.7105803 5.042739 ]
2,[3.1557934 4.56962  ]
3,[3.0872967 3.8684268]
4,[1.8915962 2.390489 ]
5,[1.9266579 2.3919601]
6,[0.95761245 1.4017975 ]
7,[0.13244116 0.7609236 ]
8,[0.18199688 0.66414034]
9,[0.309456   0.67401385]
10,[0.07932986 0.44642633]
11,[0.5338515  0.64047146]
12,[0.61380076 0.5447148 ]
13,[0.11093473 0.92564726]
14,[0.27195132 0.8133204 ]
15,[0.32470593 0.7826965 ]
16,[0.09103297 0.76067567]
17,[0.17620474 0.7722026 ]
18,[0.16547893 0.7780566 ]
19,[0.09415117 0.41712546]
20,[0.04056127 0.4698273 ]
21,[0.37012562 0.18135339]
22,[0.31954956 0.10433984]
23,[0.04609346 0.40639412]
24,[0.134146   0.35177052]
25,[0.02546069 0.40298045]
26,[0.31942087 1.1778879 ]
27,[0.46346992 1.2621157 ]
28,[0.46536547 1.2606478 ]
29,[0.34239447 1.164875  ]
30,[0.5117623 0.9552016]
31,[0.73542124 0.8857106 ]
32,[0.64875716 0.9303553 ]
33,[0.480647  0.9887234]
34,[0.641585   0.93622255]
35,[0.7583929 0.9257424]
36,[0.9411014  0.90872383]
37,[0.8930025 0.9552945]
38,[0.8402539 1.0390663]
39,[0.7590665 1.0143845]
40,[0.76388466 1.0031164 ]
41,[0.79561067 1.0125179 ]
42,[0.74174607 1.0388262 ]
43,[0.77263796 1.038995  ]
44,[0.8170565 0.9415587]
45,[0.8149651 0.9399071]
46,[0.6446073 0.6272974]
47,[0.49450862 0.6139802 ]
48,[0.35368282 0.27635384]
49,[0.36109865 0.27148247]
50,[0.27295437 0.33604693]
51,[0.22643197 0.32302594]
52,[0.22757012 0.3236071 ]
53,[0.28583246 0.31394625]
54,[0.49312133 0.640437  ]
55,[0.5229745 0.6523423]
56,[0.41580003 0.3336991 ]
57,[0.2938618  0.14545691]
58,[0.33766732 0.11946321]
59,[0.28101578 0.06888092]
60,[0.112284  0.1941452]
61,[0.16146281 0.2201978 ]
62,[0.1601991  0.22120619]
63,[0.17175466 0.22775638]
64,[0.12209473 0.16527414]
65,[0.19577694 0.17106915]
66,[0.29322448 0.3522159 ]
67,[0.399614  0.3782953]
68,[0.32186505 0.3462025 ]
69,[0.41569686 0.43843412]
70,[0.4490202 0.4248507]
71,[0.3821692 0.3849578]
72,[0.47200334 0.33066785]
73,[0.56365347 0.28519082]
74,[0.4899978  0.27193785]
75,[0.5048419  0.27604532]
76,[0.52855533 0.26284182]
77,[0.59970665 0.1892569 ]
78,[0.70933276 0.11998141]
79,[0.6622518  0.08944511]
80,[0.68833977 0.07508647]
81,[0.5420021 0.026649 ]
82,[0.54086256 0.02608299]
83,[0.6294535  0.01888585]
84,[0.6397418  0.02623558]
85,[0.59937924 0.02869499]
86,[0.58624995 0.0342828 ]
87,[0.5960103  0.03048372]
88,[0.5817654  0.04057395]
89,[0.57272214 0.03824222]
90,[0.5781667  0.02867842]
91,[0.61014175 0.01736969]
92,[0.6292711 0.0159077]
93,[0.6917888 0.0194838]
94,[0.70686626 0.03211826]
95,[0.68159974 0.007276  ]
96,[0.638487   0.01832652]
97,[0.5681819  0.00420117]
98,[0.5863604  0.02373827]
99,[0.621279   0.00803423]
100,[0.6732215  0.01468247]
101,[0.55876034 0.14651352]
102,[0.55051357 0.14181572]
103,[0.6047536  0.12622255]
104,[0.5179755  0.08919173]
105,[0.5092501  0.09671801]
106,[0.51969266 0.09920704]
107,[0.45096487 0.08988243]
108,[0.41317597 0.10865623]
109,[0.53061306 0.05572307]
110,[0.45063356 0.08733332]
111,[0.36043608 0.16956645]
112,[0.37207907 0.19433564]
113,[0.33339915 0.26735497]
114,[0.3472746  0.28174353]
115,[0.30486047 0.30257   ]
116,[0.34931263 0.2933973 ]
117,[0.3330954  0.31179553]
118,[0.34767324 0.32789075]
119,[0.32553732 0.31742513]
120,[0.27810687 0.33781374]
121,[0.14529787 0.31098926]
122,[0.19555834 0.32281816]
123,[0.25055793 0.35506785]
124,[0.31385112 0.29161888]
125,[0.29607213 0.2861989 ]
126,[0.3648645  0.25295573]
127,[0.34429312 0.23883086]
128,[0.26589698 0.26351792]
129,[0.25817096 0.25101048]
130,[0.2216079  0.25477642]
131,[0.19223574 0.24285358]
132,[0.17824005 0.23747653]
133,[0.15871179 0.23618168]
134,[0.193578   0.21663392]
135,[0.20647693 0.21606123]
136,[0.25938994 0.2654007 ]
137,[0.22700569 0.33788168]
138,[0.21892789 0.33690685]
139,[0.20482367 0.30711603]
140,[0.19397116 0.2879663 ]
141,[0.23996294 0.32037705]
142,[0.22054002 0.2867942 ]
143,[0.26545885 0.2208255 ]
144,[0.26471877 0.21988308]
145,[0.26591647 0.21911997]
146,[0.27442038 0.21855581]
147,[0.2591692  0.24284703]
148,[0.24610186 0.24759376]
149,[0.27148527 0.22304952]
150,[0.27482215 0.22182393]
151,[0.26664305 0.2284022 ]
152,[0.25721818 0.2166959 ]
153,[0.28156674 0.239479  ]
154,[0.2542973  0.24230337]
155,[0.27468577 0.26515734]
156,[0.2966652 0.2807989]
157,[0.2758124 0.2886848]
158,[0.22785684 0.29120243]
159,[0.13405342 0.35658062]
160,[0.17590524 0.33332193]
161,[0.17205937 0.32773018]
162,[0.16505592 0.3359344 ]
163,[0.13690713 0.3648603 ]
164,[0.12973538 0.3592589 ]
165,[0.11813326 0.34779644]
166,[0.11821605 0.34790075]
167,[0.19747901 0.33067578]
168,[0.22216451 0.35304517]
169,[0.22627348 0.35783094]
170,[0.1907915  0.38590938]
171,[0.20357393 0.3863023 ]
172,[0.20423436 0.3860829 ]
173,[0.21313094 0.37409335]
174,[0.30108058 0.30278677]
175,[0.32091913 0.28150582]
176,[0.33703566 0.28991032]
177,[0.35542905 0.29845148]
178,[0.35978198 0.30136967]
179,[0.32166037 0.26238775]
180,[0.32261106 0.26176876]
181,[0.3363635  0.26676893]
182,[0.33033586 0.2728663 ]
183,[0.34054348 0.2811638 ]
184,[0.35936916 0.25652963]
185,[0.3159528  0.21371341]
186,[0.26079994 0.24057823]
187,[0.22889899 0.23206455]
188,[0.24856134 0.19427514]
189,[0.25643444 0.19481426]
190,[0.24146324 0.19777822]
191,[0.2149798  0.16547054]
192,[0.22106071 0.15132791]
193,[0.21448176 0.14052492]
194,[0.18178496 0.09167123]
195,[0.18226951 0.09112388]
196,[0.18402436 0.09285152]
197,[0.18993083 0.0835644 ]
198,[0.16136347 0.12892324]
199,[0.1600038  0.12851036]
200,[0.14917283 0.11324352]
201,[0.15436442 0.10242039]
202,[0.07543013 0.15734315]
203,[0.05516753 0.1260547 ]
204,[0.10879607 0.09896874]
205,[0.10909666 0.09951997]
206,[0.09313089 0.09112382]
207,[0.09710791 0.08930457]
208,[0.11349028 0.08401209]
209,[0.12773515 0.08271509]
210,[0.14388736 0.07350636]
211,[0.07713652 0.19330353]
212,[0.11187436 0.19636989]
213,[0.10937147 0.1969744 ]
214,[0.15572861 0.2029298 ]
215,[0.13093966 0.16253608]
216,[0.15028399 0.14692467]
217,[0.14386086 0.14642721]
218,[0.09892227 0.27726877]
219,[0.10397884 0.27531177]
220,[0.11515387 0.27527672]
221,[0.17424023 0.1727696 ]
222,[0.17044087 0.17723954]
223,[0.19602293 0.15173125]
224,[0.19416393 0.15178812]
225,[0.1908926  0.15297985]
226,[0.15169352 0.1653226 ]
227,[0.16909516 0.17243356]
228,[0.14676017 0.20938051]
229,[0.13860564 0.20168728]
230,[0.11274683 0.17479026]
231,[0.0924448 0.1839425]
232,[0.05650967 0.29115123]
233,[0.01507018 0.30443472]
234,[0.05889738 0.25892222]
235,[0.08018076 0.27384543]
236,[0.08247471 0.2747782 ]
237,[0.09086002 0.2607442 ]
238,[0.08999099 0.2604667 ]
239,[0.09372091 0.25402927]
240,[0.09569853 0.25586832]
241,[0.07860646 0.27447253]
242,[0.07120177 0.2659341 ]
243,[0.09070327 0.28457928]
244,[0.09655733 0.27766132]
245,[0.09551769 0.2780583 ]
246,[0.09776655 0.27713805]
247,[0.11298493 0.29230815]
248,[0.1061617  0.29484767]
249,[0.11420462 0.30348533]
0,[2.8521497 4.668209 ]
1,[3.4462624 5.276897 ]
2,[3.1816974 4.762826 ]
3,[2.9120262 4.2015305]
4,[1.7849252 2.9797463]
5,[1.9893111 2.840372 ]
6,[1.3948327 1.389677 ]
7,[1.7187759 2.4636598]
8,[1.7403661 2.4250848]
9,[1.9811208 2.7340112]
10,[1.8067034 2.7471137]
11,[1.8638532 2.6285574]
12,[2.0863435 2.3053253]
13,[1.5097975 1.4354885]
14,[1.537816  1.3141146]
15,[1.4670308 1.386875 ]
16,[1.1707671  0.88688827]
17,[1.1404116 0.9310324]
18,[0.9198775 0.8527   ]
19,[0.7007048 0.5284022]
20,[0.7349695  0.47501445]
21,[0.96703637 0.7626798 ]
22,[0.9301076 0.7493252]
23,[0.8181769 0.6355738]
24,[0.64305985 0.5429473 ]
25,[0.99617547 1.1098292 ]
26,[0.90936315 1.0419191 ]
27,[0.91542846 1.0410362 ]
28,[0.64466673 0.796208  ]
29,[0.29848588 0.49777836]
30,[0.26426345 0.49703294]
31,[0.28130168 0.4715889 ]
32,[0.39567974 0.44784552]
33,[0.33685583 0.49294358]
34,[0.35441458 0.5634913 ]
35,[0.4453171  0.65752417]
36,[0.48828992 0.6094156 ]
37,[0.39474505 0.54116654]
38,[0.47255135 0.5818211 ]
39,[0.51983434 0.6013799 ]
40,[0.50858635 0.63295287]
41,[0.6261291  0.51437557]
42,[0.59975564 0.5205605 ]
43,[0.60227215 0.5187229 ]
44,[0.51282996 0.52802694]
45,[0.5730335  0.55368376]
46,[0.3391782  0.02287567]
47,[0.45084944 0.17182761]
48,[0.4304718  0.21224713]
49,[0.3549735 0.2261039]
50,[0.3419838 0.2338345]
51,[0.2936093  0.31487972]
52,[0.39726517 0.4497379 ]
53,[0.3660348 0.4866324]
54,[0.42575175 0.45343208]
55,[0.4502916  0.39914823]
56,[0.53215784 0.564805  ]
57,[0.54968154 0.5526916 ]
58,[0.6545544 0.5171267]
59,[0.6664336 0.4886734]
60,[0.8019779  0.48877847]
61,[0.8286009  0.43151653]
62,[0.9264935  0.36761016]
63,[1.0362518 0.3695705]
64,[1.0636841  0.39634877]
65,[1.1237975  0.44487756]
66,[1.1350594  0.44070113]
67,[1.1013373 0.4178928]
68,[0.94741464 0.18138105]
69,[0.87026525 0.18706906]
70,[0.86207765 0.1906519 ]
71,[0.81131965 0.16722846]
72,[0.7970903  0.16948575]
73,[0.7724544  0.16042846]
74,[0.8135654 0.1796748]
75,[0.7774511  0.12569708]
76,[0.70953137 0.14120924]
77,[0.7322465  0.13225275]
78,[0.7362683  0.13266617]
79,[0.73680365 0.13261884]
80,[0.6997407  0.12568104]
81,[0.674728   0.12478155]
82,[0.6697942 0.1365788]
83,[0.643092   0.11782777]
84,[0.6899892 0.1299401]
85,[0.6183715  0.14162457]
86,[0.5670253  0.15434605]
87,[0.5196856  0.12433928]
88,[0.46018112 0.1123898 ]
89,[0.39427406 0.1302867 ]
90,[0.3247144  0.05072558]
91,[0.37419584 0.04900599]
92,[0.278318   0.08558846]
93,[0.30544987 0.09872425]
94,[0.34121448 0.14419484]
95,[0.3061337  0.17336261]
96,[0.33790794 0.21004748]
97,[0.30646363 0.2325635 ]
98,[0.26441061 0.30902863]
99,[0.42396456 0.29646564]
100,[0.35084376 0.40973496]
101,[0.39359713 0.36660564]
102,[0.46427727 0.29158723]
103,[0.47588533 0.29526412]
104,[0.4486213 0.3330295]
105,[0.43740517 0.3130871 ]
106,[0.4501021 0.3467523]
107,[0.4377562 0.3438977]
108,[0.4593214  0.33480954]
109,[0.37133008 0.40352952]
110,[0.38288096 0.40146303]
111,[0.34865177 0.4244001 ]
112,[0.34663737 0.4253508 ]
113,[0.33636895 0.4072771 ]
114,[0.38049752 0.42097497]
115,[0.367295  0.4209472]
116,[0.36058363 0.41287053]
117,[0.38749734 0.39022017]
118,[0.33782494 0.42471492]
119,[0.37326676 0.40339994]
120,[0.48808628 0.3257866 ]
121,[0.48359236 0.33426654]
122,[0.5071447 0.3021021]
123,[0.5651654  0.32388067]
124,[0.6090539  0.25244534]
125,[0.6609549  0.19426584]
126,[0.6672665  0.20237088]
127,[0.6434088  0.14144695]
128,[0.6850741  0.15364051]
129,[0.68474245 0.15291429]
130,[0.66980976 0.16866732]
131,[0.6897273  0.18274498]
132,[0.6620801  0.12994361]
133,[0.664103  0.1316055]
134,[0.6816175  0.14517426]
135,[0.669741   0.12731957]
136,[0.7182556  0.13592434]
137,[0.76383376 0.12803566]
138,[0.7345078 0.0776093]
139,[0.80929476 0.05785799]
140,[0.799734   0.05387354]
141,[0.8325619  0.02536106]
142,[0.8348556  0.02475846]
143,[0.7766977 0.1163125]
144,[0.7758702 0.1163137]
145,[0.8133731  0.10966241]
146,[0.8257818  0.08067811]
147,[0.8671793  0.09498155]
148,[0.8246868  0.06718683]
149,[0.84743947 0.07161987]
150,[0.9006023  0.01862895]
151,[0.9197737  0.03019464]
152,[0.93215173 0.08245957]
153,[0.9335797  0.08113301]
154,[0.92738354 0.06789601]
155,[0.86062413 0.14360368]
156,[0.81144553 0.08358073]
157,[0.6925268  0.33733845]
158,[0.6906747 0.3341999]
159,[0.68177915 0.35513628]
160,[0.72555727 0.3183763 ]
161,[0.71644104 0.30003202]
162,[0.68110263 0.32223022]
163,[0.6881468  0.32009435]
164,[0.68139774 0.30550027]
165,[0.68462944 0.3088405 ]
166,[0.68516016 0.30917   ]
167,[0.7149251  0.30098033]
168,[0.68176943 0.28052664]
169,[0.74649477 0.28319824]
170,[0.7718029 0.2556827]
171,[0.7886735  0.22052097]
172,[0.7835099  0.21754825]
173,[0.75943166 0.24400651]
174,[0.7363418 0.2498244]
175,[0.6881222 0.2730875]
176,[0.6746715  0.28247082]
177,[0.6943625  0.29365945]
178,[0.6943467  0.29364395]
179,[0.709451   0.28787577]
180,[0.6787881 0.2507751]
181,[0.69402057 0.23377562]
182,[0.65738297 0.31492066]
183,[0.74598116 0.24751222]
184,[0.7181133 0.2817173]
185,[0.7286809  0.28010142]
186,[0.6834766  0.30152917]
187,[0.66918063 0.30382717]
188,[0.6837191 0.3061633]
189,[0.6586174  0.28040874]
190,[0.66872525 0.2761916 ]
191,[0.6798135 0.2721306]
192,[0.701032   0.25378633]
193,[0.7231412  0.20714676]
194,[0.7196278  0.21198118]
195,[0.7165279  0.21193397]
196,[0.72720957 0.2139225 ]
197,[0.71761364 0.20817804]
198,[0.66734093 0.18989682]
199,[0.6726793  0.18858361]
200,[0.7028124  0.19997084]
201,[0.58547664 0.55306053]
202,[0.6094674  0.53801143]
203,[0.63153124 0.53644526]
204,[0.68560195 0.42025948]
205,[0.7207282  0.41304827]
206,[0.7463195  0.37955308]
207,[0.7426364 0.3750192]
208,[0.7577385 0.345806 ]
209,[0.7076499  0.42270172]
210,[0.74258494 0.3066337 ]
211,[0.75611967 0.31261945]
212,[0.7455751 0.2964375]
213,[0.7455143  0.29648018]
214,[0.7356593 0.30873  ]
215,[0.7634866  0.33321643]
216,[0.7727725 0.343408 ]
217,[0.7770475  0.34465456]
218,[0.7776304 0.3453622]
219,[0.76174283 0.33854878]
220,[0.7744482  0.32194495]
221,[0.7886975  0.32005072]
222,[0.79872596 0.31155276]
223,[0.8138053  0.33125997]
224,[0.80414236 0.34549093]
225,[0.7987276  0.34915853]
226,[0.7897655  0.33976328]
227,[0.797997  0.3251536]
228,[0.8181771  0.30706167]
229,[0.78622985 0.29557526]
230,[0.80337197 0.257285  ]
231,[0.78950554 0.25831163]
232,[0.7884562  0.25884175]
233,[0.78473055 0.2554798 ]
234,[0.77861506 0.24518037]
235,[0.779268   0.24492466]
236,[0.7710535  0.23761451]
237,[0.75410104 0.22599494]
238,[0.73269194 0.25192165]
239,[0.7046371  0.21618164]
240,[0.7080004 0.2200607]
241,[0.669721   0.23154902]
242,[0.6143291 0.3014121]
243,[0.5364302 0.5250951]
244,[0.565164  0.5458398]
245,[0.59097177 0.5229156 ]
246,[0.59144264 0.5236976 ]
247,[0.6142367  0.52984655]
248,[0.6099781  0.52480984]
249,[0.63282734 0.49940145]
0,[0.34198028 1.6716533 ]
1,[1.0554228  0.19267821]
2,[0.9778699  0.38110197]
3,[0.8603033  0.36501133]
4,[0.47718522 0.04938149]
5,[0.0547964  0.06973577]
6,[0.12918186 0.15892386]
7,[0.30505532 0.06650984]
8,[0.25141054 0.17114699]
9,[0.3620309 0.2424854]
10,[0.39470038 1.0523901 ]
11,[0.19886191 0.8204856 ]
12,[0.29536527 0.77857125]
13,[0.50384533 0.47081232]
14,[0.08891056 0.0391382 ]
15,[0.25571722 0.18986416]
16,[0.11235781 0.08102405]
17,[0.0320684  0.06866711]
18,[0.03914797 0.00034833]
19,[0.25896397 0.3972348 ]
20,[0.14392558 0.49116367]
21,[0.00694797 0.43314183]
22,[0.09493676 0.4713149 ]
23,[0.22069466 0.43657827]
24,[0.22758034 0.4434718 ]
25,[0.06799218 0.6634406 ]
26,[0.03199691 0.60403895]
27,[0.10429972 0.47221643]
28,[0.04842291 0.7259793 ]
29,[0.37382784 0.3331877 ]
30,[0.31462917 0.1633265 ]
31,[0.32824028 0.19278038]
32,[0.38667613 0.30431288]
33,[0.39668578 0.3002401 ]
34,[0.4246818 0.2845314]
35,[0.7560506  0.10863686]
36,[0.70719576 0.09936929]
37,[0.7072667  0.09937155]
38,[0.5453944  0.16367018]
39,[0.5792269  0.22370756]
40,[0.50226986 0.21663606]
41,[0.6447195 0.2907902]
42,[0.628568  0.2980646]
43,[0.6895569  0.36412013]
44,[0.6608228  0.35964262]
45,[0.6517552  0.36171138]
46,[0.5676425 0.416291 ]
47,[0.5978923  0.44003952]
48,[0.49771646 0.4113785 ]
49,[0.56443226 0.4810387 ]
50,[0.59119236 0.46244788]
51,[0.5454668  0.49991953]
52,[0.4489227  0.63719964]
53,[0.4079607 0.7236867]
54,[0.48840645 0.8106686 ]
55,[0.4221589 0.8370395]
56,[0.43378043 0.8429588 ]
57,[0.5671708 1.0091169]
58,[0.33834058 0.9920546 ]
59,[0.3271043  0.98989356]
60,[0.23085128 0.8695836 ]
61,[0.25678685 0.87879443]
62,[0.35008854 0.85979307]
63,[0.30826995 0.8184818 ]
64,[0.36885664 0.80995464]
65,[0.33709404 0.7887763 ]
66,[0.2475437 0.7884908]
67,[0.23547553 0.8161218 ]
68,[0.18565306 0.8283789 ]
69,[0.2154731 0.8367866]
70,[0.05970806 0.7233987 ]
71,[0.0915595  0.66869223]
72,[0.06927569 0.6675508 ]
73,[0.02954254 0.7456273 ]
74,[0.03562349 0.7503023 ]
75,[0.05340136 0.7957487 ]
76,[0.12170362 0.75912464]
77,[0.16232969 0.6939118 ]
78,[0.12833673 0.6669922 ]
79,[0.06343554 0.5670568 ]
80,[0.03616586 0.3556888 ]
81,[0.07740279 0.33420587]
82,[0.06908634 0.3278793 ]
83,[0.02965197 0.3258829 ]
84,[0.09308177 0.2050252 ]
85,[0.00288057 0.36322987]
86,[0.06790632 0.274639  ]
87,[0.06716061 0.27346802]
88,[0.11418581 0.34486675]
89,[0.07841404 0.30464828]
90,[0.10516679 0.28450155]
91,[0.07473485 0.26709652]
92,[0.07457945 0.2670598 ]
93,[0.0778048 0.270988 ]
94,[0.02479711 0.22479963]
95,[0.09166332 0.24478102]
96,[0.13327417 0.17109704]
97,[0.15510036 0.15323973]
98,[0.10063139 0.16821957]
99,[0.20998879 0.0424788 ]
100,[0.17652103 0.05190128]
101,[0.14913736 0.05211943]
102,[0.13354763 0.05451363]
103,[0.13853104 0.05503255]
104,[0.14060456 0.05665678]
105,[0.07105253 0.13314271]
106,[0.03857514 0.13437879]
107,[0.01524286 0.15722442]
108,[0.03560677 0.17556667]
109,[0.07385801 0.14041293]
110,[0.05946624 0.1546489 ]
111,[0.14072779 0.25308895]
112,[0.13675514 0.24473727]
113,[0.09372152 0.18595743]
114,[0.05458879 0.17412245]
115,[0.04794861 0.18461478]
116,[0.00221462 0.22509933]
117,[0.03390367 0.24290633]
118,[0.05321866 0.25342226]
119,[0.01021944 0.2504387 ]
120,[0.01831346 0.24617374]
121,[0.0154002  0.24045622]
122,[0.15578088 0.05048847]
123,[0.17263797 0.04288644]
124,[0.22671112 0.01158774]
125,[0.18762982 0.06491399]
126,[0.18836069 0.06632793]
127,[0.14721626 0.08681345]
128,[0.15083304 0.08401227]
129,[0.13111575 0.06853032]
130,[0.15050247 0.09387422]
131,[0.12131752 0.13243353]
132,[0.1081889  0.13559914]
133,[0.11060142 0.13763642]
134,[0.17788476 0.17804837]
135,[0.14381845 0.1641792 ]
136,[0.07832371 0.19171488]
137,[0.0881961  0.19086862]
138,[0.10687226 0.20607233]
139,[0.07483843 0.20723224]
140,[0.06240939 0.22130299]
141,[0.09774414 0.2773974 ]
142,[0.13847998 0.3097707 ]
143,[0.14353248 0.31442142]
144,[0.15646891 0.3268299 ]
145,[0.12493508 0.33140206]
146,[0.12251824 0.33104682]
147,[0.10397749 0.32648075]
148,[0.1358914  0.33584714]
149,[0.09724819 0.34643245]
150,[0.10091445 0.34531677]
151,[0.14269856 0.34376538]
152,[0.10156449 0.3576584 ]
153,[0.08194724 0.34459364]
154,[0.06403476 0.3497318 ]
155,[0.06587185 0.34976792]
156,[0.14000145 0.23177826]
157,[0.11680429 0.2377969 ]
158,[0.1414592 0.2665298]
159,[0.12886772 0.26200294]
160,[0.09784335 0.23198223]
161,[0.08533677 0.24063993]
162,[0.0942305  0.23790324]
163,[0.14933163 0.20369375]
164,[0.22968563 0.14904773]
165,[0.19627506 0.15869594]
166,[0.23332056 0.10560668]
167,[0.22453329 0.11513174]
168,[0.2556588  0.05954087]
169,[0.23627962 0.0229311 ]
170,[0.23419785 0.02178597]
171,[0.24800241 0.00531805]
172,[0.18550792 0.05304337]
173,[0.16025385 0.02580786]
174,[0.15601188 0.01729393]
175,[0.19758633 0.04844809]
176,[0.2573576  0.07105637]
177,[0.20729358 0.04102129]
178,[0.1993356  0.05945599]
179,[0.1734465  0.04371846]
180,[0.20227212 0.04758894]
181,[0.20300153 0.04827648]
182,[0.1843813  0.05279028]
183,[0.1815378  0.05394691]
184,[0.14829022 0.04648542]
185,[0.13623324 0.04737163]
186,[0.13279605 0.05040467]
187,[0.13177085 0.0514462 ]
188,[0.17225105 0.1184594 ]
189,[0.17523316 0.1183303 ]
190,[0.19995806 0.11257029]
191,[0.20488612 0.10950196]
192,[0.24460569 0.16015613]
193,[0.24163343 0.15821141]
194,[0.22626588 0.17512429]
195,[0.2298012 0.170497 ]
196,[0.24041942 0.17588913]
197,[0.23298591 0.18017   ]
198,[0.2563845  0.19844931]
199,[0.2803956  0.18474287]
200,[0.2798679  0.18458217]
201,[0.3168386  0.23552388]
202,[0.31193846 0.23984706]
203,[0.3211621  0.24282753]
204,[0.32593906 0.24574012]
205,[0.32597554 0.24568975]
206,[0.322923   0.25750142]
207,[0.32217208 0.25878197]
208,[0.31034973 0.26693827]
209,[0.29149497 0.29673475]
210,[0.29556617 0.30244702]
211,[0.28759477 0.31291324]
212,[0.32387555 0.3513164 ]
213,[0.35634673 0.34214884]
214,[0.34748584 0.34403294]
215,[0.33598378 0.34923607]
216,[0.35403547 0.36913556]
217,[0.34284094 0.37767392]
218,[0.33062303 0.3684917 ]
219,[0.2883302 0.3834089]
220,[0.31663683 0.38091743]
221,[0.28226277 0.38437873]
222,[0.2534303  0.36322176]
223,[0.26957083 0.37279665]
224,[0.2487183  0.32807398]
225,[0.29472736 0.40380841]
226,[0.26375833 0.37282395]
227,[0.26803362 0.37610894]
228,[0.2747578 0.3714496]
229,[0.28861174 0.3619572 ]
230,[0.28858814 0.3619724 ]
231,[0.33505636 0.36363077]
232,[0.35978776 0.37493318]
233,[0.3675556  0.36175138]
234,[0.4048074  0.41484118]
235,[0.41522223 0.41312104]
236,[0.4046511  0.40697986]
237,[0.40516976 0.40788966]
238,[0.3966776  0.41525948]
239,[0.35917413 0.4030372 ]
240,[0.38597018 0.42396015]
241,[0.36991096 0.42287892]
242,[0.34349114 0.39961493]
243,[0.4019524  0.47343606]
244,[0.44306448 0.46805042]
245,[0.44366    0.46764672]
246,[0.47257507 0.4756521 ]
247,[0.47873324 0.4842413 ]
248,[0.51220477 0.52752364]
249,[0.52468467 0.5194725 ]
